Sprint,Duration,Sprint Theme,Sprint Goal,Sprint Exit Criteria,Task ID,Workstream,Epic,Task,Deliverable,Acceptance Criteria,Dependencies,Owner Role,Estimate (SP),Priority,Status
Sprint 1,2 weeks,"Discovery, reference audit, and product specification",Lock the complete dummy-product scope and produce approved mobile designs based on the PSK website and supplied mobile recording.,"Feature inventory, user flows, information architecture, API boundaries, data model, and primary Android/iOS screen designs are approved; trademark-safe branding direction is documented.",S1-01,Product,Reference audit,"Catalogue every visible website and recording feature, state, menu, and interaction.",Feature parity matrix,"Matrix covers sportsbook, account, wallet, community, content, casino, lotto, virtual games, help, and settings.",None,Product Manager,5,Critical,Completed
Sprint 1,2 weeks,"Discovery, reference audit, and product specification",Lock the complete dummy-product scope and produce approved mobile designs based on the PSK website and supplied mobile recording.,"Feature inventory, user flows, information architecture, API boundaries, data model, and primary Android/iOS screen designs are approved; trademark-safe branding direction is documented.",S1-02,UX,Information architecture,"Define drawer, bottom tabs, global actions, deep links, and screen hierarchy.",Navigation map,Every feature maps to a reachable mobile route with guest/authenticated access rules.,S1-01,UX Designer,5,Critical,Completed
Sprint 1,2 weeks,"Discovery, reference audit, and product specification",Lock the complete dummy-product scope and produce approved mobile designs based on the PSK website and supplied mobile recording.,"Feature inventory, user flows, information architecture, API boundaries, data model, and primary Android/iOS screen designs are approved; trademark-safe branding direction is documented.",S1-03,UX,Core flows,"Map browse-to-bet, live bet, ticket lookup, copied ticket, demo deposit, and game-launch flows.",User-flow diagrams,"Happy paths and loading, empty, validation, failure, and recovery states are included.",S1-01,UX Designer,5,Critical,Completed
Sprint 1,2 weeks,"Discovery, reference audit, and product specification",Lock the complete dummy-product scope and produce approved mobile designs based on the PSK website and supplied mobile recording.,"Feature inventory, user flows, information architecture, API boundaries, data model, and primary Android/iOS screen designs are approved; trademark-safe branding direction is documented.",S1-04,Design,Visual system,"Extract reference layout, density, colors, typography, cards, odds states, and responsive behavior.",Design system specification,Reusable tokens and component states cover light/dark themes and small/large phones.,S1-01,Product Designer,5,Critical,Completed
Sprint 1,2 weeks,"Discovery, reference audit, and product specification",Lock the complete dummy-product scope and produce approved mobile designs based on the PSK website and supplied mobile recording.,"Feature inventory, user flows, information architecture, API boundaries, data model, and primary Android/iOS screen designs are approved; trademark-safe branding direction is documented.",S1-05,Design,Screen design,"Create Superdesign drafts for offer, drawer, event, bet slip, ticket detail, live, casino lobby, and profile.",Approved screen set,Designs match the reference hierarchy and are approved before implementation.,"S1-02,S1-04",Product Designer,8,Critical,Completed
Sprint 1,2 weeks,"Discovery, reference audit, and product specification",Lock the complete dummy-product scope and produce approved mobile designs based on the PSK website and supplied mobile recording.,"Feature inventory, user flows, information architecture, API boundaries, data model, and primary Android/iOS screen designs are approved; trademark-safe branding direction is documented.",S1-06,Architecture,System design,"Define Expo, NestJS, MongoDB, Socket.IO, authentication, storage, and deployment architecture.",Architecture decision record,"Boundaries, data flows, failure handling, and local/cloud environments are decision-complete.",S1-01,Solution Architect,5,Critical,Completed
Sprint 1,2 weeks,"Discovery, reference audit, and product specification",Lock the complete dummy-product scope and produce approved mobile designs based on the PSK website and supplied mobile recording.,"Feature inventory, user flows, information architecture, API boundaries, data model, and primary Android/iOS screen designs are approved; trademark-safe branding direction is documented.",S1-07,Backend,Domain model,"Define MongoDB collections, indexes, relationships, audit fields, and transaction boundaries.",Schema specification,Model covers all modules and identifies replica-set transactions and TTL indexes.,S1-06,Backend Engineer,5,Critical,Completed
Sprint 1,2 weeks,"Discovery, reference audit, and product specification",Lock the complete dummy-product scope and produce approved mobile designs based on the PSK website and supplied mobile recording.,"Feature inventory, user flows, information architecture, API boundaries, data model, and primary Android/iOS screen designs are approved; trademark-safe branding direction is documented.",S1-08,QA,Test strategy,"Define test pyramid, device matrix, performance budgets, fixtures, and release gates.",QA strategy,Android and iOS parity criteria and critical end-to-end journeys are measurable.,"S1-01,S1-06",QA Engineer,3,High,Completed
Sprint 2,2 weeks,"Monorepo, environments, and MongoDB foundation",Create a reproducible full-stack development foundation with a shared TypeScript contract and MongoDB as the only database.,"A developer can start mobile, API, MongoDB replica set, and tests from documented commands; CI validates lint, types, unit tests, and builds.",S2-01,Platform,Monorepo,"Create apps/mobile, apps/api, packages/shared, packages/api-client, and packages/ui.",Working monorepo,All workspaces resolve shared code with strict TypeScript settings.,S1-06,Tech Lead,5,Critical,Not Started
Sprint 2,2 weeks,"Monorepo, environments, and MongoDB foundation",Create a reproducible full-stack development foundation with a shared TypeScript contract and MongoDB as the only database.,"A developer can start mobile, API, MongoDB replica set, and tests from documented commands; CI validates lint, types, unit tests, and builds.",S2-02,Backend,API foundation,"Create NestJS modules, global validation, error envelope, logging, health, and Swagger.",Running API skeleton,Health endpoint and OpenAPI document are available locally.,S2-01,Backend Engineer,5,Critical,Not Started
Sprint 2,2 weeks,"Monorepo, environments, and MongoDB foundation",Create a reproducible full-stack development foundation with a shared TypeScript contract and MongoDB as the only database.,"A developer can start mobile, API, MongoDB replica set, and tests from documented commands; CI validates lint, types, unit tests, and builds.",S2-03,Data,MongoDB,"Configure MongoDB replica set, Mongoose connection, migrations/index bootstrap, and Docker Compose.",MongoDB environment,Transactions and change streams work in local development and CI.,S2-01,Backend Engineer,5,Critical,Not Started
Sprint 2,2 weeks,"Monorepo, environments, and MongoDB foundation",Create a reproducible full-stack development foundation with a shared TypeScript contract and MongoDB as the only database.,"A developer can start mobile, API, MongoDB replica set, and tests from documented commands; CI validates lint, types, unit tests, and builds.",S2-04,Mobile,Expo foundation,"Create Expo Router app with environment configuration, safe areas, error boundary, and development builds.",Bootable mobile app,App launches on representative Android and iOS simulators.,S2-01,Mobile Engineer,5,Critical,Not Started
Sprint 2,2 weeks,"Monorepo, environments, and MongoDB foundation",Create a reproducible full-stack development foundation with a shared TypeScript contract and MongoDB as the only database.,"A developer can start mobile, API, MongoDB replica set, and tests from documented commands; CI validates lint, types, unit tests, and builds.",S2-05,Shared,Contracts,"Create shared IDs, enums, DTO schemas, money/odds utilities, and API error types.",Shared contract package,Mobile and API compile against one version of domain contracts.,S2-01,Full-stack Engineer,5,Critical,Not Started
Sprint 2,2 weeks,"Monorepo, environments, and MongoDB foundation",Create a reproducible full-stack development foundation with a shared TypeScript contract and MongoDB as the only database.,"A developer can start mobile, API, MongoDB replica set, and tests from documented commands; CI validates lint, types, unit tests, and builds.",S2-06,DevOps,CI,"Add dependency caching, lint, type-check, unit-test, API-build, and Expo validation jobs.",CI pipeline,"Pull requests fail on lint, type, unit, or build errors.",S2-01,DevOps Engineer,5,High,Not Started
Sprint 2,2 weeks,"Monorepo, environments, and MongoDB foundation",Create a reproducible full-stack development foundation with a shared TypeScript contract and MongoDB as the only database.,"A developer can start mobile, API, MongoDB replica set, and tests from documented commands; CI validates lint, types, unit tests, and builds.",S2-07,Observability,Diagnostics,"Add request IDs, structured logs, environment-safe error reporting, and health probes.",Diagnostic baseline,API errors are traceable without logging secrets or tokens.,S2-02,Backend Engineer,3,High,Not Started
Sprint 2,2 weeks,"Monorepo, environments, and MongoDB foundation",Create a reproducible full-stack development foundation with a shared TypeScript contract and MongoDB as the only database.,"A developer can start mobile, API, MongoDB replica set, and tests from documented commands; CI validates lint, types, unit tests, and builds.",S2-08,QA,Test harness,"Configure Jest, Supertest, React Native Testing Library, and Maestro scaffolding.",Test harness,"Sample unit, API, component, and E2E smoke tests pass in CI.","S2-02,S2-04,S2-06",QA Engineer,5,High,Not Started
Sprint 3,2 weeks,"Design system, application shell, and authentication",Deliver the reference-matched mobile shell and complete dummy authentication backed by MongoDB.,"Users can register, log in, refresh sessions, log out, and navigate the same drawer/header/bottom-tab shell on Android and iOS.",S3-01,Mobile,Design tokens,"Implement colors, typography, spacing, elevations, icons, light/dark themes, and accessibility scaling.",UI token package,Tokens match approved designs and render consistently on both platforms.,"S1-04,S2-04",Mobile Engineer,5,Critical,Not Started
Sprint 3,2 weeks,"Design system, application shell, and authentication",Deliver the reference-matched mobile shell and complete dummy authentication backed by MongoDB.,"Users can register, log in, refresh sessions, log out, and navigate the same drawer/header/bottom-tab shell on Android and iOS.",S3-02,Mobile,App shell,"Implement header, balance area, bottom tabs, drawer, badges, and global bet-slip launcher.",Navigation shell,Every planned route is represented and active states match the reference.,"S1-02,S3-01",Mobile Engineer,8,Critical,Not Started
Sprint 3,2 weeks,"Design system, application shell, and authentication",Deliver the reference-matched mobile shell and complete dummy authentication backed by MongoDB.,"Users can register, log in, refresh sessions, log out, and navigate the same drawer/header/bottom-tab shell on Android and iOS.",S3-03,Backend,Authentication,"Implement user registration, login, JWT access/refresh rotation, logout, and password reset simulation.",Auth API,Auth endpoints persist users and hashed passwords; invalid and expired tokens are rejected.,"S2-02,S2-03,S2-05",Backend Engineer,8,Critical,Not Started
Sprint 3,2 weeks,"Design system, application shell, and authentication",Deliver the reference-matched mobile shell and complete dummy authentication backed by MongoDB.,"Users can register, log in, refresh sessions, log out, and navigate the same drawer/header/bottom-tab shell on Android and iOS.",S3-04,Mobile,Authentication,"Build login, registration, forgot password, session restore, and guest mode.",Auth screens,Validated forms consume the API and restore sessions after restart.,S3-03,Mobile Engineer,8,Critical,Not Started
Sprint 3,2 weeks,"Design system, application shell, and authentication",Deliver the reference-matched mobile shell and complete dummy authentication backed by MongoDB.,"Users can register, log in, refresh sessions, log out, and navigate the same drawer/header/bottom-tab shell on Android and iOS.",S3-05,Backend,Profiles,"Implement profile, preferences, device sessions, and demo account reset endpoints.",Profile API,Profile and preferences persist; reset restores deterministic demo state.,S3-03,Backend Engineer,5,High,Not Started
Sprint 3,2 weeks,"Design system, application shell, and authentication",Deliver the reference-matched mobile shell and complete dummy authentication backed by MongoDB.,"Users can register, log in, refresh sessions, log out, and navigate the same drawer/header/bottom-tab shell on Android and iOS.",S3-06,Mobile,Profiles,"Build profile summary, language, theme, odds format, notification settings, and logout.",Profile screens,All settings persist through the backend and apply immediately where relevant.,S3-05,Mobile Engineer,5,High,Not Started
Sprint 3,2 weeks,"Design system, application shell, and authentication",Deliver the reference-matched mobile shell and complete dummy authentication backed by MongoDB.,"Users can register, log in, refresh sessions, log out, and navigate the same drawer/header/bottom-tab shell on Android and iOS.",S3-07,Data,Seed users,"Seed guest fixtures, two demo users, sessions, balances, and preferences.",Auth seed data,Documented demo credentials work after every reseed.,"S3-03,S3-05",Backend Engineer,3,High,Not Started
Sprint 3,2 weeks,"Design system, application shell, and authentication",Deliver the reference-matched mobile shell and complete dummy authentication backed by MongoDB.,"Users can register, log in, refresh sessions, log out, and navigate the same drawer/header/bottom-tab shell on Android and iOS.",S3-08,QA,Authentication tests,"Cover validation, token refresh, logout, session restore, and parity flows.",Auth test suite,Critical auth API and mobile journeys pass on Android and iOS.,"S3-03,S3-04,S3-06",QA Engineer,5,High,Not Started
Sprint 4,2 weeks,"Sports catalogue, discovery, search, and favorites","Expose a complete seeded sports catalogue and let users discover, filter, search, pin, and favorite content.","The app loads sports, counts, leagues, events, recommendations, and favorites from paginated backend APIs with reliable loading and empty states.",S4-01,Data,Sports schemas,"Implement sport, league, competitor, venue, event, recommendation, and availability models with indexes.",Catalogue collections,"Queries are indexed by sport, league, state, and start time.","S1-07,S2-03",Backend Engineer,8,Critical,Not Started
Sprint 4,2 weeks,"Sports catalogue, discovery, search, and favorites","Expose a complete seeded sports catalogue and let users discover, filter, search, pin, and favorite content.","The app loads sports, counts, leagues, events, recommendations, and favorites from paginated backend APIs with reliable loading and empty states.",S4-02,Data,Catalogue seeds,"Seed 15 sports, 50 leagues, competitors, icons, and 200-300 deterministic events.",Sports seed dataset,"Seed covers pre-match, live, completed, postponed, and cancelled states.",S4-01,Backend Engineer,8,Critical,Not Started
Sprint 4,2 weeks,"Sports catalogue, discovery, search, and favorites","Expose a complete seeded sports catalogue and let users discover, filter, search, pin, and favorite content.","The app loads sports, counts, leagues, events, recommendations, and favorites from paginated backend APIs with reliable loading and empty states.",S4-03,Backend,Catalogue API,"Implement sports, league, event listing, time filters, counts, pagination, and sorting.",Catalogue endpoints,"Responses support Live, Today, 1H, 3H, Tomorrow, and All filters.","S4-01,S4-02",Backend Engineer,8,Critical,Not Started
Sprint 4,2 weeks,"Sports catalogue, discovery, search, and favorites","Expose a complete seeded sports catalogue and let users discover, filter, search, pin, and favorite content.","The app loads sports, counts, leagues, events, recommendations, and favorites from paginated backend APIs with reliable loading and empty states.",S4-04,Backend,Search,"Implement indexed search across events, competitors, leagues, sports, and articles.",Search API,"Debounced queries return grouped, ranked results with pagination.",S4-01,Backend Engineer,5,High,Not Started
Sprint 4,2 weeks,"Sports catalogue, discovery, search, and favorites","Expose a complete seeded sports catalogue and let users discover, filter, search, pin, and favorite content.","The app loads sports, counts, leagues, events, recommendations, and favorites from paginated backend APIs with reliable loading and empty states.",S4-05,Backend,Favorites,"Implement favorite events, leagues, sports, and recently viewed resources.",Favorites API,"Favorites are idempotent, user-scoped, and persist across devices.","S3-03,S4-01",Backend Engineer,5,High,Not Started
Sprint 4,2 weeks,"Sports catalogue, discovery, search, and favorites","Expose a complete seeded sports catalogue and let users discover, filter, search, pin, and favorite content.","The app loads sports, counts, leagues, events, recommendations, and favorites from paginated backend APIs with reliable loading and empty states.",S4-06,Mobile,Sports drawer,"Build recommended items, sport counts, pinned sports/leagues, and drawer navigation.",Functional sports drawer,Drawer mirrors the recording and updates counts from the API.,"S3-02,S4-03,S4-05",Mobile Engineer,8,Critical,Not Started
Sprint 4,2 weeks,"Sports catalogue, discovery, search, and favorites","Expose a complete seeded sports catalogue and let users discover, filter, search, pin, and favorite content.","The app loads sports, counts, leagues, events, recommendations, and favorites from paginated backend APIs with reliable loading and empty states.",S4-07,Mobile,Search and favorites,"Build global search, results grouping, recent searches, and favorite interactions.",Discovery flows,Users can locate and favorite an event from any major app section.,"S4-04,S4-05",Mobile Engineer,8,High,Not Started
Sprint 4,2 weeks,"Sports catalogue, discovery, search, and favorites","Expose a complete seeded sports catalogue and let users discover, filter, search, pin, and favorite content.","The app loads sports, counts, leagues, events, recommendations, and favorites from paginated backend APIs with reliable loading and empty states.",S4-08,QA,Catalogue tests,"Test filter boundaries, time zones, pagination, search ranking, and favorite consistency.",Catalogue test suite,Seeded queries return stable results and mobile empty/error states are verified.,"S4-03,S4-07",QA Engineer,5,High,Not Started
Sprint 5,2 weeks,Sports offer home and dense event presentation,Implement the central Today offer screen with the same information hierarchy and density as the reference.,"The offer screen shows time filters, featured picks, Top Offer, sports and leagues, virtualized events, and selectable odds from backend data at target performance.",S5-01,Backend,Offer composition,"Create aggregated offer endpoint for recommendations, featured picks, promotions, and grouped events.",Offer API,One request returns ordered sections with cache metadata and pagination cursors.,S4-03,Backend Engineer,8,Critical,Completed
Sprint 5,2 weeks,Sports offer home and dense event presentation,Implement the central Today offer screen with the same information hierarchy and density as the reference.,"The offer screen shows time filters, featured picks, Top Offer, sports and leagues, virtualized events, and selectable odds from backend data at target performance.",S5-02,Backend,Feature flags,"Add backend flags for BetBuilder, boosted odds, TV, bonus tip, and PSK-style benefits.",Feature metadata,"Flags are returned at event, market, and outcome level.",S4-01,Backend Engineer,5,High,Completed
Sprint 5,2 weeks,Sports offer home and dense event presentation,Implement the central Today offer screen with the same information hierarchy and density as the reference.,"The offer screen shows time filters, featured picks, Top Offer, sports and leagues, virtualized events, and selectable odds from backend data at target performance.",S5-03,Mobile,Time navigation,"Implement Live, Today, 1H, 3H, Tomorrow, and All tabs with restored selection.",Time-filter header,"Tab changes update data, URL-like route state, skeletons, and empty states.","S4-03,S3-01",Mobile Engineer,5,Critical,Completed
Sprint 5,2 weeks,Sports offer home and dense event presentation,Implement the central Today offer screen with the same information hierarchy and density as the reference.,"The offer screen shows time filters, featured picks, Top Offer, sports and leagues, virtualized events, and selectable odds from backend data at target performance.",S5-04,Mobile,Featured sections,"Build recommended carousel, featured pick cards, boosted odds, and BetBuilder badges.",Featured offer UI,Cards match approved layouts and are fully accessible.,"S5-01,S5-02",Mobile Engineer,8,Critical,Completed
Sprint 5,2 weeks,Sports offer home and dense event presentation,Implement the central Today offer screen with the same information hierarchy and density as the reference.,"The offer screen shows time filters, featured picks, Top Offer, sports and leagues, virtualized events, and selectable odds from backend data at target performance.",S5-05,Mobile,League groups,"Build sport headings, collapsible league headers, pins, favorites, and dense event rows.",Offer list UI,Groups preserve expand state and render large lists through FlashList.,"S4-05,S5-01",Mobile Engineer,8,Critical,Completed
Sprint 5,2 weeks,Sports offer home and dense event presentation,Implement the central Today offer screen with the same information hierarchy and density as the reference.,"The offer screen shows time filters, featured picks, Top Offer, sports and leagues, virtualized events, and selectable odds from backend data at target performance.",S5-06,Mobile,Odds controls,"Implement 1/X/2 and variable market buttons with selected, changed, locked, and disabled states.",Odds button system,States are visually distinct and accessible; taps emit selection intents.,"S3-01,S5-02",Mobile Engineer,5,Critical,Completed
Sprint 5,2 weeks,Sports offer home and dense event presentation,Implement the central Today offer screen with the same information hierarchy and density as the reference.,"The offer screen shows time filters, featured picks, Top Offer, sports and leagues, virtualized events, and selectable odds from backend data at target performance.",S5-07,Performance,List performance,"Optimize memoization, images, pagination, cached queries, and list measurement.",Performance baseline,Offer with 100 visible events scrolls smoothly within agreed memory/startup budgets.,"S5-04,S5-05",Mobile Engineer,5,High,Completed
Sprint 5,2 weeks,Sports offer home and dense event presentation,Implement the central Today offer screen with the same information hierarchy and density as the reference.,"The offer screen shows time filters, featured picks, Top Offer, sports and leagues, virtualized events, and selectable odds from backend data at target performance.",S5-08,QA,Offer tests,"Verify ordering, filtering, collapse persistence, rotation, dark mode, and device sizes.",Offer acceptance suite,Approved screenshots and behavior checks pass on Android and iOS.,"S5-03,S5-07",QA Engineer,5,Critical,Completed
Sprint 6,2 weeks,"Event details, markets, statistics, and BetBuilder","Let users inspect a complete event, browse markets, review statistics, and create compatible BetBuilder selections.","Event detail supports all seeded market groups, statistics, favorites, search, suspension states, and valid BetBuilder combinations.",S6-01,Data,Markets,"Implement market, outcome, price-history, result, period, statistic, lineup, and head-to-head models.",Market collections,"Models support football, tennis, basketball, hockey, and generic sports.",S4-01,Backend Engineer,8,Critical,Completed
Sprint 6,2 weeks,"Event details, markets, statistics, and BetBuilder","Let users inspect a complete event, browse markets, review statistics, and create compatible BetBuilder selections.","Event detail supports all seeded market groups, statistics, favorites, search, suspension states, and valid BetBuilder combinations.",S6-02,Data,Market seeds,"Seed 5-20 markets per event including result, totals, handicap, correct score, periods, and specials.",Market seed dataset,Featured events have complete detail while remaining events have realistic core markets.,S6-01,Backend Engineer,8,Critical,Completed
Sprint 6,2 weeks,"Event details, markets, statistics, and BetBuilder","Let users inspect a complete event, browse markets, review statistics, and create compatible BetBuilder selections.","Event detail supports all seeded market groups, statistics, favorites, search, suspension states, and valid BetBuilder combinations.",S6-03,Backend,Event detail API,"Expose grouped markets, statistics, form, head-to-head, lineups, and related events.",Event detail endpoints,"Payload is versioned, cacheable, and excludes unavailable markets.","S6-01,S6-02",Backend Engineer,8,Critical,Completed
Sprint 6,2 weeks,"Event details, markets, statistics, and BetBuilder","Let users inspect a complete event, browse markets, review statistics, and create compatible BetBuilder selections.","Event detail supports all seeded market groups, statistics, favorites, search, suspension states, and valid BetBuilder combinations.",S6-04,Backend,BetBuilder rules,Implement compatibility rules and combined-odds calculation for same-event selections.,BetBuilder API,Invalid combinations return machine-readable reasons.,S6-01,Backend Engineer,8,Critical,Completed
Sprint 6,2 weeks,"Event details, markets, statistics, and BetBuilder","Let users inspect a complete event, browse markets, review statistics, and create compatible BetBuilder selections.","Event detail supports all seeded market groups, statistics, favorites, search, suspension states, and valid BetBuilder combinations.",S6-05,Mobile,Event header,"Build event summary, scoreboard, clock, favorite, stats, streaming, and status states.",Event header UI,"Pre-match, live, postponed, completed, and cancelled states render correctly.",S6-03,Mobile Engineer,5,Critical,Completed
Sprint 6,2 weeks,"Event details, markets, statistics, and BetBuilder","Let users inspect a complete event, browse markets, review statistics, and create compatible BetBuilder selections.","Event detail supports all seeded market groups, statistics, favorites, search, suspension states, and valid BetBuilder combinations.",S6-06,Mobile,Market browser,"Build category tabs, market search, accordions, outcome grids, and lazy section loading.",Market UI,All supported market layouts remain usable on small screens.,"S6-03,S5-06",Mobile Engineer,8,Critical,Completed
Sprint 6,2 weeks,"Event details, markets, statistics, and BetBuilder","Let users inspect a complete event, browse markets, review statistics, and create compatible BetBuilder selections.","Event detail supports all seeded market groups, statistics, favorites, search, suspension states, and valid BetBuilder combinations.",S6-07,Mobile,BetBuilder,"Build selection compatibility feedback, combined odds, reset, and add-to-slip flow.",BetBuilder UI,Only backend-approved combinations can be added.,"S6-04,S6-06",Mobile Engineer,8,High,Completed
Sprint 6,2 weeks,"Event details, markets, statistics, and BetBuilder","Let users inspect a complete event, browse markets, review statistics, and create compatible BetBuilder selections.","Event detail supports all seeded market groups, statistics, favorites, search, suspension states, and valid BetBuilder combinations.",S6-08,QA,Event tests,"Test sport layouts, market ordering, invalid combinations, suspensions, and accessibility.",Event acceptance suite,Market and BetBuilder journeys pass with seeded data on both platforms.,"S6-05,S6-07",QA Engineer,5,High,Completed
Sprint 7,2 weeks,Bet slip selection engine and calculations,"Build a persistent, server-validated bet slip supporting singles, accumulators, systems, and four saved tabs.","Selections can be added from any screen, conflicts are resolved, calculations match shared rules, and slips survive restart and account changes.",S7-01,Shared,Bet calculations,"Implement decimal odds, accumulator product, system combinations, bonuses, fees, tax, and payout rounding.",Calculation library,"Golden test vectors cover boundaries, void legs, boosts, and rounding.","S2-05,S6-04",Full-stack Engineer,8,Critical,Completed
Sprint 7,2 weeks,Bet slip selection engine and calculations,"Build a persistent, server-validated bet slip supporting singles, accumulators, systems, and four saved tabs.","Selections can be added from any screen, conflicts are resolved, calculations match shared rules, and slips survive restart and account changes.",S7-02,Backend,Bet slip API,"Create, read, update, clear, and validate user/guest slips and four numbered tabs.",Bet slip endpoints,"Server returns authoritative totals, warnings, and validation errors.","S7-01,S3-03,S6-03",Backend Engineer,8,Critical,Completed
Sprint 7,2 weeks,Bet slip selection engine and calculations,"Build a persistent, server-validated bet slip supporting singles, accumulators, systems, and four saved tabs.","Selections can be added from any screen, conflicts are resolved, calculations match shared rules, and slips survive restart and account changes.",S7-03,Backend,Selection rules,"Implement same-market replacement, duplicate prevention, incompatibility, suspension, and price-change detection.",Selection validator,Concurrent updates are version-checked and deterministic.,S7-02,Backend Engineer,8,Critical,Completed
Sprint 7,2 weeks,Bet slip selection engine and calculations,"Build a persistent, server-validated bet slip supporting singles, accumulators, systems, and four saved tabs.","Selections can be added from any screen, conflicts are resolved, calculations match shared rules, and slips survive restart and account changes.",S7-04,Mobile,Global slip state,Connect all odds buttons to optimistic add/remove actions and server reconciliation.,Global selection behavior,Selected states and slip counts remain synchronized across screens.,"S5-06,S7-02",Mobile Engineer,8,Critical,Completed
Sprint 7,2 weeks,Bet slip selection engine and calculations,"Build a persistent, server-validated bet slip supporting singles, accumulators, systems, and four saved tabs.","Selections can be added from any screen, conflicts are resolved, calculations match shared rules, and slips survive restart and account changes.",S7-05,Mobile,Slip bottom sheet,"Build empty, compact, expanded, keyboard, and full-screen slip states.",Bet slip container,"Sheet works with gestures, safe areas, and keyboard on Android and iOS.","S3-02,S7-04",Mobile Engineer,8,Critical,Completed
Sprint 7,2 weeks,Bet slip selection engine and calculations,"Build a persistent, server-validated bet slip supporting singles, accumulators, systems, and four saved tabs.","Selections can be added from any screen, conflicts are resolved, calculations match shared rules, and slips survive restart and account changes.",S7-06,Mobile,Slip types,"Build Single, Accumulator, System, and saved-slip tab controls.",Slip modes,Totals and input fields update correctly when mode or active tab changes.,"S7-01,S7-05",Mobile Engineer,8,Critical,Completed
Sprint 7,2 weeks,Bet slip selection engine and calculations,"Build a persistent, server-validated bet slip supporting singles, accumulators, systems, and four saved tabs.","Selections can be added from any screen, conflicts are resolved, calculations match shared rules, and slips survive restart and account changes.",S7-07,Mobile,Warnings,"Implement odds-changed acceptance, suspended selections, invalid combinations, limits, and clear confirmation.",Slip validation UI,Every backend warning has a recoverable UI state.,"S7-03,S7-05",Mobile Engineer,5,High,Completed
Sprint 7,2 weeks,Bet slip selection engine and calculations,"Build a persistent, server-validated bet slip supporting singles, accumulators, systems, and four saved tabs.","Selections can be added from any screen, conflicts are resolved, calculations match shared rules, and slips survive restart and account changes.",S7-08,QA,Calculation tests,Cross-check mobile/shared/backend calculations and persistence under concurrent price changes.,Bet slip test suite,"No calculation differences exist across shared library, API, and rendered totals.","S7-01,S7-07",QA Engineer,8,Critical,Completed
Sprint 8,2 weeks,"Demo wallet, ticket placement, and receipts",Place dummy bets through transaction-safe backend operations and record every balance movement in an auditable ledger.,"A confirmed bet atomically creates a ticket, debits demo funds, records ledger entries, returns a receipt, and prevents duplicate submission.",S8-01,Data,Wallet model,"Implement wallets, balances, ledger entries, idempotency keys, and transaction indexes.",Wallet collections,Monetary values use integer minor units and ledger records are immutable.,"S1-07,S2-03",Backend Engineer,8,Critical,Not Started
Sprint 8,2 weeks,"Demo wallet, ticket placement, and receipts",Place dummy bets through transaction-safe backend operations and record every balance movement in an auditable ledger.,"A confirmed bet atomically creates a ticket, debits demo funds, records ledger entries, returns a receipt, and prevents duplicate submission.",S8-02,Backend,Wallet API,"Expose balances, transaction history, demo deposit, demo withdrawal, and bonus balance.",Wallet endpoints,All mutations require authentication and create balanced ledger entries.,"S8-01,S3-03",Backend Engineer,8,Critical,Not Started
Sprint 8,2 weeks,"Demo wallet, ticket placement, and receipts",Place dummy bets through transaction-safe backend operations and record every balance movement in an auditable ledger.,"A confirmed bet atomically creates a ticket, debits demo funds, records ledger entries, returns a receipt, and prevents duplicate submission.",S8-03,Backend,Ticket placement,Revalidate prices/markets and atomically debit wallet and create ticket using MongoDB transactions.,Place-bet API,Retries are idempotent and stale or suspended selections cannot be placed.,"S7-02,S8-01",Backend Engineer,13,Critical,Not Started
Sprint 8,2 weeks,"Demo wallet, ticket placement, and receipts",Place dummy bets through transaction-safe backend operations and record every balance movement in an auditable ledger.,"A confirmed bet atomically creates a ticket, debits demo funds, records ledger entries, returns a receipt, and prevents duplicate submission.",S8-04,Backend,Ticket identifiers,"Generate searchable ticket codes, placement snapshots, calculation breakdowns, and audit records.",Ticket record,"Ticket preserves the exact accepted odds, fees, tax, bonuses, and potential payout.",S8-03,Backend Engineer,5,Critical,Not Started
Sprint 8,2 weeks,"Demo wallet, ticket placement, and receipts",Place dummy bets through transaction-safe backend operations and record every balance movement in an auditable ledger.,"A confirmed bet atomically creates a ticket, debits demo funds, records ledger entries, returns a receipt, and prevents duplicate submission.",S8-05,Mobile,Stake and review,"Build stake inputs, quick amounts, balance validation, price review, and confirmation step.",Bet review flow,User cannot confirm until all backend validation issues are resolved.,"S7-05,S8-02,S8-03",Mobile Engineer,8,Critical,Not Started
Sprint 8,2 weeks,"Demo wallet, ticket placement, and receipts",Place dummy bets through transaction-safe backend operations and record every balance movement in an auditable ledger.,"A confirmed bet atomically creates a ticket, debits demo funds, records ledger entries, returns a receipt, and prevents duplicate submission.",S8-06,Mobile,Receipt,"Build success receipt, ticket number, breakdown, copy/share, and route to My Bets.",Ticket receipt screen,Receipt matches backend snapshot and survives navigation/restart.,S8-04,Mobile Engineer,5,High,Not Started
Sprint 8,2 weeks,"Demo wallet, ticket placement, and receipts",Place dummy bets through transaction-safe backend operations and record every balance movement in an auditable ledger.,"A confirmed bet atomically creates a ticket, debits demo funds, records ledger entries, returns a receipt, and prevents duplicate submission.",S8-07,Mobile,Demo wallet,"Build wallet summary, ledger, deposit/withdraw simulation, and explicit Demo labeling.",Wallet screens,Simulated actions update backend balances and never request payment details.,S8-02,Mobile Engineer,8,High,Not Started
Sprint 8,2 weeks,"Demo wallet, ticket placement, and receipts",Place dummy bets through transaction-safe backend operations and record every balance movement in an auditable ledger.,"A confirmed bet atomically creates a ticket, debits demo funds, records ledger entries, returns a receipt, and prevents duplicate submission.",S8-08,QA,Transaction tests,"Test duplicate submission, insufficient funds, stale odds, transaction rollback, and ledger reconciliation.",Placement test suite,Ticket totals reconcile to ledger and wallet before/after balances in all cases.,"S8-03,S8-07",QA Engineer,8,Critical,Not Started
Sprint 9,2 weeks,Live betting and real-time simulation,"Provide realistic live scores, clocks, event states, and price movements through backend WebSockets.","Live events update without refresh, odds visually move and suspend, disconnected clients recover, and ticket validation uses current server prices.",S9-01,Backend,Live simulator,"Create deterministic event clock, score, period, incident, price-movement, and suspension simulator.",Simulation engine,Scenario seeds replay predictably and can be accelerated in development.,"S6-01,S6-02",Backend Engineer,13,Critical,Not Started
Sprint 9,2 weeks,Live betting and real-time simulation,"Provide realistic live scores, clocks, event states, and price movements through backend WebSockets.","Live events update without refresh, odds visually move and suspend, disconnected clients recover, and ticket validation uses current server prices.",S9-02,Backend,Realtime gateway,"Publish authenticated Socket.IO channels for events, scores, markets, notifications, and wallet updates.",WebSocket API,"Subscriptions are scoped, versioned, rate-limited, and reconnectable.","S9-01,S3-03",Backend Engineer,8,Critical,Not Started
Sprint 9,2 weeks,Live betting and real-time simulation,"Provide realistic live scores, clocks, event states, and price movements through backend WebSockets.","Live events update without refresh, odds visually move and suspend, disconnected clients recover, and ticket validation uses current server prices.",S9-03,Backend,Admin controls,"Add protected demo endpoints to start, pause, score, suspend, price, and complete an event.",Simulator controls,Authorized developers can drive every live state without editing the database.,S9-01,Backend Engineer,5,High,Not Started
Sprint 9,2 weeks,Live betting and real-time simulation,"Provide realistic live scores, clocks, event states, and price movements through backend WebSockets.","Live events update without refresh, odds visually move and suspend, disconnected clients recover, and ticket validation uses current server prices.",S9-04,Mobile,Live lobby,"Build live sport filters, scoreboards, clocks, incidents, and live market rows.",Live screen,"Updates animate without losing scroll, expanded sections, or selections.","S9-02,S5-05",Mobile Engineer,8,Critical,Not Started
Sprint 9,2 weeks,Live betting and real-time simulation,"Provide realistic live scores, clocks, event states, and price movements through backend WebSockets.","Live events update without refresh, odds visually move and suspend, disconnected clients recover, and ticket validation uses current server prices.",S9-05,Mobile,Realtime prices,"Display up/down changes, lock/suspend states, and changed-slip warnings.",Live odds behavior,Visual transitions are accessible and agree with current server versions.,"S9-02,S7-07",Mobile Engineer,8,Critical,Not Started
Sprint 9,2 weeks,Live betting and real-time simulation,"Provide realistic live scores, clocks, event states, and price movements through backend WebSockets.","Live events update without refresh, odds visually move and suspend, disconnected clients recover, and ticket validation uses current server prices.",S9-06,Mobile,Connectivity,"Implement reconnect, background/foreground recovery, stale-state banner, and HTTP snapshot resync.",Realtime recovery,App returns to current state after network loss without duplicate subscriptions.,S9-02,Mobile Engineer,5,Critical,Not Started
Sprint 9,2 weeks,Live betting and real-time simulation,"Provide realistic live scores, clocks, event states, and price movements through backend WebSockets.","Live events update without refresh, odds visually move and suspend, disconnected clients recover, and ticket validation uses current server prices.",S9-07,Performance,Realtime load,"Bound event update frequency, batch UI updates, and test concurrent simulated clients.",Realtime performance report,"API and app meet defined CPU, memory, latency, and frame-rate budgets.","S9-02,S9-05",Performance Engineer,5,High,Not Started
Sprint 9,2 weeks,Live betting and real-time simulation,"Provide realistic live scores, clocks, event states, and price movements through backend WebSockets.","Live events update without refresh, odds visually move and suspend, disconnected clients recover, and ticket validation uses current server prices.",S9-08,QA,Live tests,"Test reconnect, out-of-order updates, suspensions, clock drift, bet race conditions, and parity.",Live acceptance suite,Critical real-time scenarios pass consistently on Android and iOS.,"S9-03,S9-06",QA Engineer,8,Critical,Not Started
Sprint 10,2 weeks,"My Bets, ticket lookup, settlement, and cash-out","Complete the ticket lifecycle from placement to settlement, history, lookup, repeat, and simulated cash-out.","Users can find any seeded/placed ticket, view the full recording-style breakdown, receive settlement credits, repeat eligible tickets, and simulate cash-out.",S10-01,Backend,Ticket queries,"Implement Open, Settled, Won, Lost, Void, Cashed Out, Saved, and All queries with pagination.",My Bets API,"Filtering, sorting, and summaries are stable for large histories.",S8-03,Backend Engineer,8,Critical,Not Started
Sprint 10,2 weeks,"My Bets, ticket lookup, settlement, and cash-out","Complete the ticket lifecycle from placement to settlement, history, lookup, repeat, and simulated cash-out.","Users can find any seeded/placed ticket, view the full recording-style breakdown, receive settlement credits, repeat eligible tickets, and simulate cash-out.",S10-02,Backend,Settlement,"Settle outcomes and tickets, calculate void/partial states, and atomically credit winnings.",Settlement engine,Repeated settlement is idempotent and ledger reconciliation remains exact.,"S8-01,S9-03",Backend Engineer,13,Critical,Not Started
Sprint 10,2 weeks,"My Bets, ticket lookup, settlement, and cash-out","Complete the ticket lifecycle from placement to settlement, history, lookup, repeat, and simulated cash-out.","Users can find any seeded/placed ticket, view the full recording-style breakdown, receive settlement credits, repeat eligible tickets, and simulate cash-out.",S10-03,Backend,Cash-out,Calculate and accept deterministic simulated cash-out offers with transaction protection.,Cash-out API,Expired or changed offers cannot be accepted and successful offers settle once.,S10-02,Backend Engineer,8,High,Not Started
Sprint 10,2 weeks,"My Bets, ticket lookup, settlement, and cash-out","Complete the ticket lifecycle from placement to settlement, history, lookup, repeat, and simulated cash-out.","Users can find any seeded/placed ticket, view the full recording-style breakdown, receive settlement credits, repeat eligible tickets, and simulate cash-out.",S10-04,Backend,Ticket lookup,"Expose code-based lookup, ticket information, repeat eligibility, and share-safe payloads.",Ticket lookup API,"Unknown and unauthorized codes return safe, explicit responses.",S8-04,Backend Engineer,5,High,Not Started
Sprint 10,2 weeks,"My Bets, ticket lookup, settlement, and cash-out","Complete the ticket lifecycle from placement to settlement, history, lookup, repeat, and simulated cash-out.","Users can find any seeded/placed ticket, view the full recording-style breakdown, receive settlement credits, repeat eligible tickets, and simulate cash-out.",S10-05,Mobile,My Bets,"Build filter tabs, ticket cards, pagination, refresh, and status summaries.",My Bets screens,Open and historical tickets update after placement and settlement.,S10-01,Mobile Engineer,8,Critical,Not Started
Sprint 10,2 weeks,"My Bets, ticket lookup, settlement, and cash-out","Complete the ticket lifecycle from placement to settlement, history, lookup, repeat, and simulated cash-out.","Users can find any seeded/placed ticket, view the full recording-style breakdown, receive settlement credits, repeat eligible tickets, and simulate cash-out.",S10-06,Mobile,Ticket detail,"Reproduce ticket type, event, odds, stake, bonus, fee, tax, loyalty, and payout detail from the video.",Ticket detail screen,All calculation fields match the immutable placement snapshot.,S10-01,Mobile Engineer,8,Critical,Not Started
Sprint 10,2 weeks,"My Bets, ticket lookup, settlement, and cash-out","Complete the ticket lifecycle from placement to settlement, history, lookup, repeat, and simulated cash-out.","Users can find any seeded/placed ticket, view the full recording-style breakdown, receive settlement credits, repeat eligible tickets, and simulate cash-out.",S10-07,Mobile,Lookup and actions,"Build ticket-code lookup, repeat ticket, copy/share, and cash-out confirmation.",Ticket action flows,Eligible actions succeed and all ineligible states explain why.,"S10-03,S10-04,S7-04",Mobile Engineer,8,High,Not Started
Sprint 10,2 weeks,"My Bets, ticket lookup, settlement, and cash-out","Complete the ticket lifecycle from placement to settlement, history, lookup, repeat, and simulated cash-out.","Users can find any seeded/placed ticket, view the full recording-style breakdown, receive settlement credits, repeat eligible tickets, and simulate cash-out.",S10-08,QA,Ticket lifecycle tests,"Verify every ticket status, payout, ledger entry, lookup result, repeat, and cash-out race.",Lifecycle test suite,End-to-end tickets reconcile from selection through final wallet balance.,"S10-02,S10-07",QA Engineer,8,Critical,Not Started
Sprint 11,2 weeks,"Community Arena, shared tickets, and Swipe & Bet",Add social inspiration and rapid discovery flows while keeping all engagement and balances fictional.,"Users can browse community tickets, like/save/copy them, view leaderboards, and use Swipe & Bet to construct a validated slip.",S11-01,Data,Community models,"Implement public aliases, community tickets, inspiration counts, follows, and leaderboard snapshots.",Community collections,No private profile information appears in public payloads.,"S3-05,S8-04",Backend Engineer,5,High,Not Started
Sprint 11,2 weeks,"Community Arena, shared tickets, and Swipe & Bet",Add social inspiration and rapid discovery flows while keeping all engagement and balances fictional.,"Users can browse community tickets, like/save/copy them, view leaderboards, and use Swipe & Bet to construct a validated slip.",S11-02,Backend,Arena API,"Implement feed, filters, leaderboards, profiles, like/save, and copyable-ticket endpoints.",Arena endpoints,Feed is paginated and engagement actions are idempotent.,S11-01,Backend Engineer,8,High,Not Started
Sprint 11,2 weeks,"Community Arena, shared tickets, and Swipe & Bet",Add social inspiration and rapid discovery flows while keeping all engagement and balances fictional.,"Users can browse community tickets, like/save/copy them, view leaderboards, and use Swipe & Bet to construct a validated slip.",S11-03,Backend,Copy validation,Reprice and validate copied tickets before adding eligible selections to a new slip.,Copy-ticket service,Unavailable legs are reported individually and never silently copied.,"S11-02,S7-03",Backend Engineer,5,Critical,Not Started
Sprint 11,2 weeks,"Community Arena, shared tickets, and Swipe & Bet",Add social inspiration and rapid discovery flows while keeping all engagement and balances fictional.,"Users can browse community tickets, like/save/copy them, view leaderboards, and use Swipe & Bet to construct a validated slip.",S11-04,Backend,Swipe feed,"Generate personalized dummy event-card feed with reject, accept, and undo state.",Swipe API,Feed excludes rejected items and maintains deterministic ordering for tests.,"S4-03,S4-05",Backend Engineer,5,High,Not Started
Sprint 11,2 weeks,"Community Arena, shared tickets, and Swipe & Bet",Add social inspiration and rapid discovery flows while keeping all engagement and balances fictional.,"Users can browse community tickets, like/save/copy them, view leaderboards, and use Swipe & Bet to construct a validated slip.",S11-05,Mobile,Arena,"Build community feed, ticket cards, profiles, filters, inspiration actions, and leaderboard.",Arena screens,Users can inspect and copy a community ticket into their slip.,"S11-02,S11-03",Mobile Engineer,8,High,Not Started
Sprint 11,2 weeks,"Community Arena, shared tickets, and Swipe & Bet",Add social inspiration and rapid discovery flows while keeping all engagement and balances fictional.,"Users can browse community tickets, like/save/copy them, view leaderboards, and use Swipe & Bet to construct a validated slip.",S11-06,Mobile,Swipe & Bet,"Build gesture cards, outcome choice, undo, progress, and add-to-slip summary.",Swipe experience,Gestures and accessible buttons provide equivalent functionality.,"S11-04,S7-04",Mobile Engineer,8,High,Not Started
Sprint 11,2 weeks,"Community Arena, shared tickets, and Swipe & Bet",Add social inspiration and rapid discovery flows while keeping all engagement and balances fictional.,"Users can browse community tickets, like/save/copy them, view leaderboards, and use Swipe & Bet to construct a validated slip.",S11-07,Data,Community seeds,"Seed aliases, ticket histories, leaderboard positions, likes, and swipe candidates.",Community dataset,Arena and Swipe screens are populated after a clean reset.,"S11-01,S11-04",Backend Engineer,5,Medium,Not Started
Sprint 11,2 weeks,"Community Arena, shared tickets, and Swipe & Bet",Add social inspiration and rapid discovery flows while keeping all engagement and balances fictional.,"Users can browse community tickets, like/save/copy them, view leaderboards, and use Swipe & Bet to construct a validated slip.",S11-08,QA,Community tests,"Test privacy boundaries, copy repricing, duplicate likes, gestures, undo, and parity.",Community acceptance suite,Social flows work without exposing real personal or monetary data.,"S11-05,S11-06",QA Engineer,5,High,Not Started
Sprint 12,2 weeks,"Promotions, news, results, statistics, and notifications",Complete the information and promotional modules surrounding the sportsbook experience.,"Users can browse and activate dummy promotions, read content, inspect results/statistics, bookmark items, and receive preference-controlled notifications.",S12-01,Data,Content models,"Implement promotions, eligibility, articles, categories, results, standings, bookmarks, and notification records.",Content collections,"Collections include publish windows, localization fields, and required indexes.",S2-03,Backend Engineer,8,High,Not Started
Sprint 12,2 weeks,"Promotions, news, results, statistics, and notifications",Complete the information and promotional modules surrounding the sportsbook experience.,"Users can browse and activate dummy promotions, read content, inspect results/statistics, bookmark items, and receive preference-controlled notifications.",S12-02,Backend,Promotions,"Implement promotion list/detail/activation, boosted-offer links, and dummy bonus grants.",Promotion API,Activation is idempotent and clearly distinguishes demo bonus from cash.,"S12-01,S8-02",Backend Engineer,8,High,Not Started
Sprint 12,2 weeks,"Promotions, news, results, statistics, and notifications",Complete the information and promotional modules surrounding the sportsbook experience.,"Users can browse and activate dummy promotions, read content, inspect results/statistics, bookmark items, and receive preference-controlled notifications.",S12-03,Backend,Editorial content,"Implement news/analysis feeds, details, categories, search, bookmarks, and sharing metadata.",Content API,Published content is paginated and sanitized.,"S12-01,S4-04",Backend Engineer,5,Medium,Not Started
Sprint 12,2 weeks,"Promotions, news, results, statistics, and notifications",Complete the information and promotional modules surrounding the sportsbook experience.,"Users can browse and activate dummy promotions, read content, inspect results/statistics, bookmark items, and receive preference-controlled notifications.",S12-04,Backend,Results and statistics,"Expose date/sport results, standings, form, head-to-head, and event statistics.",Results API,Completed events reconcile with settlement results.,"S12-01,S10-02",Backend Engineer,8,High,Not Started
Sprint 12,2 weeks,"Promotions, news, results, statistics, and notifications",Complete the information and promotional modules surrounding the sportsbook experience.,"Users can browse and activate dummy promotions, read content, inspect results/statistics, bookmark items, and receive preference-controlled notifications.",S12-05,Backend,Notifications,"Create in-app notification preferences, inbox, read state, and simulator triggers.",Notification API,Users receive only enabled categories and can mark items read.,"S3-05,S9-02",Backend Engineer,5,High,Not Started
Sprint 12,2 weeks,"Promotions, news, results, statistics, and notifications",Complete the information and promotional modules surrounding the sportsbook experience.,"Users can browse and activate dummy promotions, read content, inspect results/statistics, bookmark items, and receive preference-controlled notifications.",S12-06,Mobile,Promotions and content,"Build promotions, news feed/detail, categories, activation, bookmarks, and share actions.",Content screens,All content states and deep links work on both platforms.,"S12-02,S12-03",Mobile Engineer,8,High,Not Started
Sprint 12,2 weeks,"Promotions, news, results, statistics, and notifications",Complete the information and promotional modules surrounding the sportsbook experience.,"Users can browse and activate dummy promotions, read content, inspect results/statistics, bookmark items, and receive preference-controlled notifications.",S12-07,Mobile,Results and notifications,"Build results calendar, standings/statistics, notification inbox, badge, and preferences.",Results and inbox screens,Settlement-linked results and unread counts stay synchronized.,"S12-04,S12-05",Mobile Engineer,8,High,Not Started
Sprint 12,2 weeks,"Promotions, news, results, statistics, and notifications",Complete the information and promotional modules surrounding the sportsbook experience.,"Users can browse and activate dummy promotions, read content, inspect results/statistics, bookmark items, and receive preference-controlled notifications.",S12-08,QA,Content tests,"Test publish windows, activation, bookmarking, result consistency, deep links, and notification preferences.",Content acceptance suite,All modules remain deterministic after reset and reseed.,"S12-06,S12-07",QA Engineer,5,High,Not Started
Sprint 13,2 weeks,"Casino, live casino, virtual sports, and lotto demos","Represent every secondary gaming module visible in the website/video using safe, non-monetary dummy experiences.","Each lobby, search, favorite, recent item, loading/exit state, and at least one representative demo experience works without real providers or payments.",S13-01,Data,Gaming catalogue,"Implement provider, game, category, favorite, recent play, virtual schedule, and lotto draw models.",Gaming collections,"Seedable catalogues support availability, maintenance, and featured ordering.","S2-03,S3-03",Backend Engineer,8,High,Not Started
Sprint 13,2 weeks,"Casino, live casino, virtual sports, and lotto demos","Represent every secondary gaming module visible in the website/video using safe, non-monetary dummy experiences.","Each lobby, search, favorite, recent item, loading/exit state, and at least one representative demo experience works without real providers or payments.",S13-02,Backend,Casino APIs,"Expose casino/live-casino lobbies, categories, search, favorites, recent plays, and launch sessions.",Casino API,Launch tokens reference only internal demo modules and expire safely.,S13-01,Backend Engineer,8,High,Not Started
Sprint 13,2 weeks,"Casino, live casino, virtual sports, and lotto demos","Represent every secondary gaming module visible in the website/video using safe, non-monetary dummy experiences.","Each lobby, search, favorite, recent item, loading/exit state, and at least one representative demo experience works without real providers or payments.",S13-03,Backend,Virtual and lotto APIs,"Expose simulated schedules, results, picks, tickets, draws, and non-cash reward outcomes.",Virtual/lotto API,All results are deterministic or server-seeded and marked Demo.,S13-01,Backend Engineer,8,High,Not Started
Sprint 13,2 weeks,"Casino, live casino, virtual sports, and lotto demos","Represent every secondary gaming module visible in the website/video using safe, non-monetary dummy experiences.","Each lobby, search, favorite, recent item, loading/exit state, and at least one representative demo experience works without real providers or payments.",S13-04,Mobile,Casino lobby,"Build featured, categories, providers, search, favorites, recent, and game detail/launch screens.",Casino screens,Lobby mirrors the recording's full-screen launch and return behavior.,S13-02,Mobile Engineer,8,High,Not Started
Sprint 13,2 weeks,"Casino, live casino, virtual sports, and lotto demos","Represent every secondary gaming module visible in the website/video using safe, non-monetary dummy experiences.","Each lobby, search, favorite, recent item, loading/exit state, and at least one representative demo experience works without real providers or payments.",S13-05,Mobile,Demo games,Build representative slot-style and live-table-style non-cash demo experiences with loading and exit controls.,Demo game modules,"Games cannot deposit, withdraw, or represent real winnings.","S13-02,S3-01",Mobile Engineer,13,High,Not Started
Sprint 13,2 weeks,"Casino, live casino, virtual sports, and lotto demos","Represent every secondary gaming module visible in the website/video using safe, non-monetary dummy experiences.","Each lobby, search, favorite, recent item, loading/exit state, and at least one representative demo experience works without real providers or payments.",S13-06,Mobile,Virtual sports,"Build event schedule, simulated playback/status, markets, results, and optional demo-slip selection.",Virtual sports screens,Scheduled state transitions come from the backend simulator.,"S13-03,S7-04",Mobile Engineer,8,Medium,Not Started
Sprint 13,2 weeks,"Casino, live casino, virtual sports, and lotto demos","Represent every secondary gaming module visible in the website/video using safe, non-monetary dummy experiences.","Each lobby, search, favorite, recent item, loading/exit state, and at least one representative demo experience works without real providers or payments.",S13-07,Mobile,Lotto,"Build draws, number selection, dummy ticket, history, and result reveal.",Lotto screens,Tickets use demo balance or free mode and clearly display Demo status.,"S13-03,S8-02",Mobile Engineer,8,Medium,Not Started
Sprint 13,2 weeks,"Casino, live casino, virtual sports, and lotto demos","Represent every secondary gaming module visible in the website/video using safe, non-monetary dummy experiences.","Each lobby, search, favorite, recent item, loading/exit state, and at least one representative demo experience works without real providers or payments.",S13-08,QA,Gaming safety tests,"Test launch expiry, navigation recovery, no-payment guarantees, deterministic results, and parity.",Gaming acceptance suite,"No external provider, real wager, or financial data path exists.","S13-04,S13-07",QA Engineer,8,Critical,Not Started
Sprint 14,2 weeks,"Responsible play, localization, help, and platform services","Complete account safeguards, support content, localization readiness, and native notification behavior.","Responsible-play controls affect demo behavior, Croatian and English UI are complete, help/legal content is reachable, and notifications/deep links work on both platforms.",S14-01,Backend,Responsible play,"Implement demo limits, cool-off, self-exclusion, reminders, and session-duration policies.",Responsible-play API,Active restrictions are enforced by wallet and bet-placement services.,"S8-02,S8-03",Backend Engineer,8,Critical,Not Started
Sprint 14,2 weeks,"Responsible play, localization, help, and platform services","Complete account safeguards, support content, localization readiness, and native notification behavior.","Responsible-play controls affect demo behavior, Croatian and English UI are complete, help/legal content is reachable, and notifications/deep links work on both platforms.",S14-02,Mobile,Responsible play,"Build limits, cool-off, self-exclusion, session reminder, and responsible-play information.",Responsible-play screens,Consequential changes require clear confirmation and immediately affect demo actions.,S14-01,Mobile Engineer,8,Critical,Not Started
Sprint 14,2 weeks,"Responsible play, localization, help, and platform services","Complete account safeguards, support content, localization readiness, and native notification behavior.","Responsible-play controls affect demo behavior, Croatian and English UI are complete, help/legal content is reachable, and notifications/deep links work on both platforms.",S14-03,Shared,Localization,"Externalize strings, dates, currencies, sports labels, errors, and accessibility text.",Localization framework,Croatian and English translations cover all implemented screens.,S3-01,Full-stack Engineer,8,High,Not Started
Sprint 14,2 weeks,"Responsible play, localization, help, and platform services","Complete account safeguards, support content, localization readiness, and native notification behavior.","Responsible-play controls affect demo behavior, Croatian and English UI are complete, help/legal content is reachable, and notifications/deep links work on both platforms.",S14-04,Mobile,Language and formatting,"Implement runtime language switching and locale-correct date, number, and currency display.",Localized app,Language changes without reinstall and persists per account.,"S14-03,S3-05",Mobile Engineer,5,High,Not Started
Sprint 14,2 weeks,"Responsible play, localization, help, and platform services","Complete account safeguards, support content, localization readiness, and native notification behavior.","Responsible-play controls affect demo behavior, Croatian and English UI are complete, help/legal content is reachable, and notifications/deep links work on both platforms.",S14-05,Backend,Help and legal,"Provide versioned FAQ, contact, privacy, terms, rules, cookie information, and shop-directory dummy content.",Help content API,Content supports localization and offline cache metadata.,"S12-01,S14-03",Backend Engineer,5,Medium,Not Started
Sprint 14,2 weeks,"Responsible play, localization, help, and platform services","Complete account safeguards, support content, localization readiness, and native notification behavior.","Responsible-play controls affect demo behavior, Croatian and English UI are complete, help/legal content is reachable, and notifications/deep links work on both platforms.",S14-06,Mobile,Help center,"Build FAQ search, help topics, contact form simulation, legal pages, and responsible-play links.",Help screens,All reference navigation links are represented without external submission.,S14-05,Mobile Engineer,5,Medium,Not Started
Sprint 14,2 weeks,"Responsible play, localization, help, and platform services","Complete account safeguards, support content, localization readiness, and native notification behavior.","Responsible-play controls affect demo behavior, Croatian and English UI are complete, help/legal content is reachable, and notifications/deep links work on both platforms.",S14-07,Mobile,Native notifications,"Configure Expo notifications, permissions, deep links, foreground banners, and local demo scheduling.",Notification integration,"Android and iOS route notifications to the correct event, ticket, or promotion.",S12-05,Mobile Engineer,8,High,Not Started
Sprint 14,2 weeks,"Responsible play, localization, help, and platform services","Complete account safeguards, support content, localization readiness, and native notification behavior.","Responsible-play controls affect demo behavior, Croatian and English UI are complete, help/legal content is reachable, and notifications/deep links work on both platforms.",S14-08,QA,Policy and localization tests,"Verify restriction enforcement, language coverage, formatting, links, permissions, and notification routes.",Platform-services suite,No restricted action bypasses backend policy and key screens have no missing translations.,"S14-02,S14-07",QA Engineer,8,Critical,Not Started
Sprint 15,2 weeks,"Performance, accessibility, resilience, and security",Harden the complete system for realistic demo use on diverse devices and unreliable networks.,"Performance budgets, accessibility checks, security review, offline recovery, observability, and failure-state tests pass without critical findings.",S15-01,Mobile,Accessibility,"Audit semantics, screen reader order, dynamic type, contrast, focus, reduced motion, and touch targets.",Accessible mobile app,Critical journeys pass TalkBack and VoiceOver checks.,"S3-01,S14-04",Accessibility Engineer,8,Critical,Not Started
Sprint 15,2 weeks,"Performance, accessibility, resilience, and security",Harden the complete system for realistic demo use on diverse devices and unreliable networks.,"Performance budgets, accessibility checks, security review, offline recovery, observability, and failure-state tests pass without critical findings.",S15-02,Mobile,Offline and resilience,"Cache read-only data, show freshness, queue safe preferences, retry idempotent requests, and recover sessions.",Resilient client,No bet or wallet mutation is silently queued or duplicated offline.,"S8-03,S9-06",Mobile Engineer,8,Critical,Not Started
Sprint 15,2 weeks,"Performance, accessibility, resilience, and security",Harden the complete system for realistic demo use on diverse devices and unreliable networks.,"Performance budgets, accessibility checks, security review, offline recovery, observability, and failure-state tests pass without critical findings.",S15-03,Performance,Mobile optimization,"Profile cold start, list scrolling, image memory, navigation, animations, and app size.",Mobile performance report,Agreed budgets pass on lower-tier Android and supported iPhone devices.,"S5-07,S13-05",Performance Engineer,8,High,Not Started
Sprint 15,2 weeks,"Performance, accessibility, resilience, and security",Harden the complete system for realistic demo use on diverse devices and unreliable networks.,"Performance budgets, accessibility checks, security review, offline recovery, observability, and failure-state tests pass without critical findings.",S15-04,Backend,API performance,"Add compound indexes, query projections, caching policy, pagination limits, and load tests.",API performance report,"P95 targets pass for offer, event, slip, ticket, and live endpoints.","S9-07,S10-01",Backend Engineer,8,High,Not Started
Sprint 15,2 weeks,"Performance, accessibility, resilience, and security",Harden the complete system for realistic demo use on diverse devices and unreliable networks.,"Performance budgets, accessibility checks, security review, offline recovery, observability, and failure-state tests pass without critical findings.",S15-05,Security,Application security,"Review auth, authorization, input validation, rate limits, secrets, logs, dependencies, and abuse cases.",Security review,No critical/high finding remains; medium findings have owners and dates.,S14-01,Security Engineer,8,Critical,Not Started
Sprint 15,2 weeks,"Performance, accessibility, resilience, and security",Harden the complete system for realistic demo use on diverse devices and unreliable networks.,"Performance budgets, accessibility checks, security review, offline recovery, observability, and failure-state tests pass without critical findings.",S15-06,Backend,Data integrity,"Add reconciliation jobs for wallets/tickets, schema validation, backup/restore, and seed reset verification.",Integrity controls,Automated checks detect ledger imbalance and invalid ticket references.,"S10-02,S13-03",Backend Engineer,8,Critical,Not Started
Sprint 15,2 weeks,"Performance, accessibility, resilience, and security",Harden the complete system for realistic demo use on diverse devices and unreliable networks.,"Performance budgets, accessibility checks, security review, offline recovery, observability, and failure-state tests pass without critical findings.",S15-07,Observability,Monitoring,"Add API/mobile error reporting, latency metrics, WebSocket health, structured events, and alert thresholds.",Operational dashboard specification,Critical failures and performance regressions are observable in test/staging.,"S2-07,S9-02",DevOps Engineer,5,High,Not Started
Sprint 15,2 weeks,"Performance, accessibility, resilience, and security",Harden the complete system for realistic demo use on diverse devices and unreliable networks.,"Performance budgets, accessibility checks, security review, offline recovery, observability, and failure-state tests pass without critical findings.",S15-08,QA,Non-functional regression,"Run accessibility, offline, load, soak, security, crash-recovery, and low-storage tests.",Hardening report,All release-blocking non-functional defects are closed.,"S15-01,S15-07",QA Engineer,8,Critical,Not Started
Sprint 16,2 weeks,"Release candidate, cross-platform parity, and handover","Produce stable Android and iOS release candidates with complete documentation, seeded environments, and verified feature parity.","Both release candidates pass the same end-to-end suite, critical defects are closed, setup/reseed/deploy/runbooks are verified by a new developer, and stakeholders approve the demo.",S16-01,QA,Full regression,Execute every functional journey across the supported Android/iOS device matrix.,Regression report,All Critical and High cases pass; lower-severity exceptions are documented.,S15-08,QA Engineer,13,Critical,Not Started
Sprint 16,2 weeks,"Release candidate, cross-platform parity, and handover","Produce stable Android and iOS release candidates with complete documentation, seeded environments, and verified feature parity.","Both release candidates pass the same end-to-end suite, critical defects are closed, setup/reseed/deploy/runbooks are verified by a new developer, and stakeholders approve the demo.",S16-02,QA,Visual parity,"Compare approved designs and reference behavior across themes, screen sizes, and platforms.",Visual parity report,"No material hierarchy, spacing, truncation, or platform inconsistency remains.",S16-01,Product Designer,8,Critical,Not Started
Sprint 16,2 weeks,"Release candidate, cross-platform parity, and handover","Produce stable Android and iOS release candidates with complete documentation, seeded environments, and verified feature parity.","Both release candidates pass the same end-to-end suite, critical defects are closed, setup/reseed/deploy/runbooks are verified by a new developer, and stakeholders approve the demo.",S16-03,DevOps,Staging deployment,"Deploy API and MongoDB replica set, run seeds, configure secrets, TLS, backups, and health checks.",Staging environment,Environment can be recreated from documented infrastructure and seed commands.,"S15-04,S15-07",DevOps Engineer,8,Critical,Not Started
Sprint 16,2 weeks,"Release candidate, cross-platform parity, and handover","Produce stable Android and iOS release candidates with complete documentation, seeded environments, and verified feature parity.","Both release candidates pass the same end-to-end suite, critical defects are closed, setup/reseed/deploy/runbooks are verified by a new developer, and stakeholders approve the demo.",S16-04,Mobile,Release builds,Create signed internal Android and iOS builds with environment-safe configuration and versioning.,Android/iOS release candidates,"Builds install, upgrade, restore session, and connect to staging.",S16-03,Mobile Engineer,8,Critical,Not Started
Sprint 16,2 weeks,"Release candidate, cross-platform parity, and handover","Produce stable Android and iOS release candidates with complete documentation, seeded environments, and verified feature parity.","Both release candidates pass the same end-to-end suite, critical defects are closed, setup/reseed/deploy/runbooks are verified by a new developer, and stakeholders approve the demo.",S16-05,Documentation,Developer handover,"Document architecture, setup, testing, seeding, live simulator, admin controls, deployment, and troubleshooting.",Technical handbook,A new developer can run the full stack and execute a core journey without assistance.,S16-03,Tech Lead,8,High,Not Started
Sprint 16,2 weeks,"Release candidate, cross-platform parity, and handover","Produce stable Android and iOS release candidates with complete documentation, seeded environments, and verified feature parity.","Both release candidates pass the same end-to-end suite, critical defects are closed, setup/reseed/deploy/runbooks are verified by a new developer, and stakeholders approve the demo.",S16-06,Documentation,Product handover,"Document demo accounts, feature map, scripts, known limitations, reset steps, and stakeholder walkthrough.",Demo playbook,Presenter can reliably demonstrate every module from a clean seed.,"S16-01,S16-05",Product Manager,5,High,Not Started
Sprint 16,2 weeks,"Release candidate, cross-platform parity, and handover","Produce stable Android and iOS release candidates with complete documentation, seeded environments, and verified feature parity.","Both release candidates pass the same end-to-end suite, critical defects are closed, setup/reseed/deploy/runbooks are verified by a new developer, and stakeholders approve the demo.",S16-07,Compliance,Final safety review,"Confirm Demo labeling, no real payments/providers, responsible-play access, and trademark-safe assets.",Safety sign-off,No screen can be mistaken for a production real-money service.,"S14-02,S15-05",Product Manager,5,Critical,Not Started
Sprint 16,2 weeks,"Release candidate, cross-platform parity, and handover","Produce stable Android and iOS release candidates with complete documentation, seeded environments, and verified feature parity.","Both release candidates pass the same end-to-end suite, critical defects are closed, setup/reseed/deploy/runbooks are verified by a new developer, and stakeholders approve the demo.",S16-08,Release,Acceptance,"Run stakeholder acceptance, close release blockers, tag release, and archive test evidence.",Accepted release,"Product, engineering, design, QA, and safety owners approve the release candidate.","S16-01,S16-07",Tech Lead,5,Critical,Not Started
